,id,tweet,subtask_a
1,86426,@USER @USER Πηγαίνετε σπίτι είστε μεθυσμένοι !!! @USER #MAGA # Trump2020 👊🇺🇸👊 URL,OFF
2,90194,@USER Κάποιος έπρεπε να πάρει &quot;αυτό το σκατά σε ένα ηφαίστειο. 😂&quot;,OFF
3,16820,Οι @USER Liberal είναι όλοι Kookoo !!!,OFF
4,62688,@USER @USER Ωχ όχι! Σκατά σκατά.,OFF
5,43605,"Το @USER μιλούσε κυριολεκτικά για αυτό το lol, όλα τα μαζικά γυρίσματα όπως αυτά έχουν ρυθμιστεί. είναι η προπαγάνδα που μας διαιρεί σε μεγάλα ζητήματα όπως ο έλεγχος όπλων και η τρομοκρατία",OFF
6,97670,Το @USER Canada δεν χρειάζεται άλλο CUCK! Έχουμε ήδη αρκετά #LooneyLeft #Liberals f ** king up τη μεγάλη μας χώρα! #Qproofs #TrudeauMustGo,OFF
7,77444,@USER είστε ψεύτικος διεφθαρμένος προδότης !!! Κανείς δεν θέλει να ακούσει πια τα ψέματά σου !!! #DeepStateCorruption URL,OFF
8,52415,@USER @USER @USER έλεγχος όπλου! Αυτά ζητούν όλα αυτά τα παιδιά!,OFF
9,45157,@USER @USER @USER @USER LOL !!! Ρίχνει τη σημαία BULLSHIT σε τέτοιες ανοησίες !! #PutUpOrShutUp #Kavanaugh #MAGA #CallTheVoteAlready URL,OFF
10,13384,@USER @USER Κάτι σαν όταν οι συντηρητικοί θέλουν να συσχετίσουν όλους στα αριστερά τους ως μέλη της κομμουνιστικής αντιφατικής;,OFF
11,82776,@USER @USER Το σκατά συμβαίνει στους ανθρώπους; Υπάρχει το ανδρικό δωμάτιο και το γυναικείο δωμάτιο Επιλέξτε ένα και κολλήστε το 🤔,OFF
12,42992,"@USER Tbh αυτές τις μέρες απλά δεν μου αρέσουν οι άνθρωποι γενικά, απλά δεν επικοινωνώ με ανθρώπους αυτές τις μέρες μόνο μια ενόχληση ..",OFF
13,28414,@USER @USER @USER Αυτή; Σε ποιον αναφέρεστε; Χίλαρι; Ξέρετε τι είναι κουραστικό; Οι υποστηρικτές του Bernie χτυπούν τη Χίλαρι Κλίντον. Είναι μια πραγματική Δημοκρατική που μαζεύει χρήματα για το Δημοκρατικό Κόμμα και δεν τους χάνει. Έχει ένα θετικό μήνυμα. Ποιος λοιπόν χωρίζει την αριστερά;,OFF
14,54920,Το μόνο πράγμα που έχουν οι Δημοκρατικοί είναι ψέματα και καθυστερούν για να αποτρέψουν τον Τραμπ από το να είναι # Πρόεδρος. Τι έχουν κάνει για εσάς τον τελευταίο καιρό. #Trump #Kavanaugh #MAGA #DEMSUCK,OFF
15,56392,"@USER @USER @USER @USER @USER @USER @USER @USER @USER @USER @USER @USER @USER @USER @USER @USER @USER @USER @USER @USER @USER @USER @USER @USER @USER @USER @USER @USER @USER @USER @USER @USER @USER @USER @USER @USER @USER @USER @USER @USER @USER @USER @USER @USER @USER @USER @USER @USER Δεν είσαι πολύ έξυπνος, έτσι; Γιατί πιστεύετε ότι η καταδίκη του στρατηγού Flynn συνεχίζει να προγραμματίζεται εκ νέου; Διεύθυνση URL",OFF
16,86735,@USER @USER @USER Αυτό αναμένεται εάν καταπραΰνετε τους βίαιους αριστερούς / τρομοκράτες. #KavanaughΕπιβεβαίωση # ξύπνησε,OFF
17,95686,4 στους 10 Βρετανούς είναι βασικά πλήρεις ρατσιστές. 4 στους 10 ψηφοφόρους ψηφίζουν τους Συντηρητικούς. Σύμπτωση!???!???,OFF
18,71446,@USER Γαμώτο,OFF
19,23958,@USER @USER Το σύστημα φυλακών είναι τόσο γαμημένο. Γιατί εξακολουθούν να ξεφεύγουν με το ενδεχόμενο δολοφονίας με πρόθεση εάν οι κρατούμενοι πεθάνουν στον τυφώνα; Το έκαναν στη Λουιζιάνα και όπως 500 κρατούμενοι εξαφανίστηκαν &quot;&quot;,OFF
20,28195,@USER @USER Είναι άχρηστη. Προσπάθειες να κάνουμε το σωστό αλλά ποτέ δεν ακολουθείται.,OFF
21,56117,Το @USER Grateful Trump δεν έχει σκύλο στον Λευκό Οίκο. Είναι ένας σκληρός άνθρωπος.,OFF
22,67757,Το @USER Trump κλωτσάει το πισινό - είναι τόσο διασκεδαστικό.,OFF
23,12681,@USER @USER @USER Είναι χαζός και χαζός σε έναν πρόεδρο. Είναι δύο για ένα.,OFF
24,82904,@USER Και αυτό από τον κλόουν που πρέπει να είναι στη φυλακή;,OFF
25,63236,@USER Αυτό είναι επειδή είσαι γέρος.,OFF
26,77665,@USER @USER @USER Είναι αποφρακτικοί. Αντι-αμερικανικό. Φαρισαίοι Ρωτήστε τους τι τρέχουν και δεν παίρνετε τίποτα. Μάγκα!,OFF
27,83484,"@USER Εννοώ ότι λειτούργησε για τον έλεγχο των όπλων, σωστά; Διεύθυνση URL",OFF
28,74932,@USER Πίνει τόσο πολύ koolaid που έχει φουσκώσει.,OFF
29,91252,@USER @USER @USER @USER Το Ίδρυμα την άφησε να κάνει tweet μόνο όταν συμπεριφέρεται. Είναι ένα γλείψιμο παραθύρου !!!!,OFF
30,25440,WTC Αυτή είναι μια απειλή !!! .. @ USER #Maga #QAnon #WakeUpAmerica URL,OFF
31,81613,"@USER @USER @USER Παρακαλώ καλέστε το Trump για ό, τι είναι ... μια ΝΑΡΚΙΣΤΙΚΗ ΚΟΙΝΩΝΙΑ!",OFF
32,82333,@USER Γεια σου,OFF
33,12609,@USER Καλή κίνηση .... είναι ο μεγάλος χαμένος,OFF
34,13017,"@USER είναι κυριολεκτικά μια αφήγηση που είναι ισοδύναμη με τη διάτρηση των Ναζί, το antifa, είναι δύο πλευρές του ίδιου νομίσματος. να το κάνεις αυτό, και αυτή η σύγκριση ωφελεί το &quot;",OFF
35,18129,"@USER @USER Υπάρχουν πολλά χαζά επιχειρήματα για τον έλεγχο των όπλων, αλλά αυτό μπορεί να είναι το πιο χαζή και πιο συνηθισμένο.",OFF
36,70380,@USER @USER @USER παρακαλώ μην με σκοτώσετε. Αντίφα από την άλλη ...,OFF
37,12108,@USER @USER Είναι μια άσχημη μαύρη καρδιά troll URL,OFF
38,14726,@USER Μην πιστεύετε τη διαφημιστική εκστρατεία.,OFF
39,74358,@USER @USER Έχουμε σωθεί από εσάς! Μάγα!,OFF
40,82599,@USER Μπορείτε πιθανώς να φανταστείτε όλες τις νιφάδες χιονιού SJW που δεν αισθάνονται ασφαλείς &quot;να εργάζονται όπου μπορεί να υπάρχουν συντηρητικοί που παραμονεύουν στις σκιές. Οι συντηρητικοί είναι τώρα οι Ruskies του 21ου αιώνα.&quot;,OFF
41,40212,@USER Όλα αυτά καταλαβαίνω n καταρατώ αυτούς τους απεχθέντες που σας διαγράφουν IG χωρίς λόγο ... URL,OFF
42,78367,@USER SJSHSJ ΠΟΥ ΕΙΝΑΙ Η ΕΡΓΑΣΙΑ ΜΟΥ,OFF
43,66596,@USER @USER @USER Τι μέρος ΔΕΝ ΣΥΛΛΟΓΕΣ δεν παίρνετε ;;; Αυτός είναι ο λόγος για τον οποίο είστε δογματοκράτης,OFF
44,70999,"@USER εάν ο λόγος για τις παράνομες αξίες των Φαρακανών είναι επειδή είναι μαύρος ή μουσουλμάνος, αυτός θα ήταν λόγος να τον απαξιώσετε. Πιστεύω ότι οι παράνομες αξίες του είναι απλώς αποτέλεσμα κακού χαρακτήρα, όπως οι υποστηρικτές του! &quot;",OFF
45,36026,@USER Αφήστε τους αριστερούς δημοκράτες να ταραχήσουν στους δρόμους με τους αντιπάλους τους.,OFF
46,29439,Το @USER @USER ANTIFA δεν δίνει απειλές θανάτου στον καθηγητή Ford ή δεν απειλεί τη βία εάν ο υποψήφιος τους χάσει ή κατηγορηθεί ο Spanky.,OFF
47,74477,"@USER Έτσι, ο Νόμος άλλαξε ... απλώς κάνετε μια κατηγορία τώρα και ο ένοχός σας μέχρι να αποδειχθεί αθώος. Οι φιλελεύθεροι είναι ψυχικά άρρωστοι!",OFF
48,49845,@USER Αυτό το παιχνίδι απορροφά μπάλες γαϊδουριού,OFF
49,32305,@USER Απολύτως πρέπει να είναι ένα καρφί στο φέρετρο .... για τη Χίλαρι,OFF
50,77243,@USER Είναι DUMBASS !!!!!,OFF
51,73205,@USER @USER @USER @USER @USER @USER @USER @USER @USER @USER ... και #LeviStrauss που θέλουν έλεγχο όπλου Πόσοι από εμάς αναρωτιούνται γιατί το καλό τους θέλουν να αφαιρεθούν οι ελευθερίες μας ~ ή μήπως είναι απλά επιλεκτικές ελευθερίες; Διεύθυνση URL,OFF
52,47311,@USER Σε αυτό το σημείο ... δεν νομίζω Pres. Ο Τραμπ δίνει κάτι ... και ούτε εγώ! URL LOL,OFF
53,48553,@USER donnie jr. εσείς και η οικογένειά σας οφείλετε συγγνώμη για τη συμμετοχή των εγκληματικών σας δραστηριοτήτων στον Λευκό Οίκο ΜΑΣ Φορέατε τις τσέπες σας ενώ ο πατέρας σας είναι ανίκανος και χλευάζει τη δημοκρατία μας. Ντροπή σε εσάς και την οικογένειά σας. Η δικαιοσύνη θα επικρατήσει,OFF
54,75689,@USER Ω η Κάρμεν μου. Είναι τόσο ευχάριστο,OFF
55,84102,Η @USER Chelsea είναι τόσο τρελή όσο η μητέρα της,OFF
56,10607,@USER Και ο εγκέφαλος #DEMS θέλει να πιστεύουμε ότι δεν έχει την πλειοψηφία. Οι φιλελεύθεροι είναι ακριβώς όπως οι ηγέτες τους &quot;οι διεφθαρμένοι #Obama και #CrookedHillary και οι δύο είναι πραγματικοί κακοί χαμένοι #MAGA #TRUMP&quot;,OFF
57,43913,Ο έλεγχος των όπλων @USER @USER California είναι άμεσο αποτέλεσμα των λευκών που φοβούνται τους Black Panther που χρησιμοποιούν το δικαίωμά τους να φέρουν όπλα. Η NRA δεν είχε κανένα πρόβλημα με αυτόν τον έλεγχο όπλων!,OFF
58,98992,"@USER @USER Και όμως εκατομμύρια άδειες που κρατούσαν άτομα μετέφεραν νόμιμα κρυμμένα πυροβόλα όπλα εκείνη την ημέρα και δεν έβλαψαν τον εαυτό τους ή κανέναν άλλο. Ωστόσο, θέλουν να έχουν ισχυρότερο έλεγχο όπλων. Ηλίθιοι! Wonderful Τα θαυμάσια μέσα ενημέρωσής μας πρέπει να διαφημίζουν περιστατικά που ταιριάζουν στην ατζέντα τους.",OFF
59,92056,"@USER Ναι, βλάπτει τους εαυτούς σου τα όπλα ελέγχου των όπλων.",OFF
60,33853,"@USER @USER @USER Μαλακία! Οι κανονισμοί είναι καλοί, διότι διατηρεί τους συντηρητικούς από το να απογυμνώνουν τη γη μας στην άβυσσο",OFF
61,75215,@USER ο ιδιοκτήτης του κούλο μου,OFF
62,96218,Τώρα σημαδεύτηκε για τη ζωή lol #MAGA URL,OFF
63,57013,@USER εσείς γαμημένο -,OFF
64,20883,Επιβεβαιώστε το MAN! Ο ΑΡΙΣΤΕΡΟΣ ΔΡΑΣΤΙΚΟΣ ΔΡΑΣΤΗΡΙΟΤΗΤΟΣ ΕΙΝΑΙ ΜΙΑ ΠΟΛΥ ΠΟΛΙ ΠΟΥ ΑΝΤΑΛΛΑΓΕΙ! ΟΧΙ ΣΚΛΗΡΕΣ ΑΠΟΔΕΙΞΕΙΣ! #ChristineBlaseyFord Αθώος μέχρι να αποδειχθεί ένοχος! #ConfirmKavanaugh #MAGA @USER #WeakRinos #Republicans,OFF
65,74831,Υποθέτω ότι δεν πρόκειται να λάβω απάντηση »: Brireless #Liberal Stooge Ocasio-Cortez. @ USER στο $ 40T URL του προγράμματος πολιτικής #WakeUpAmerica ΑΥΤΟ ΔΕΝ είναι οι μελλοντικοί Αμερικανοί ΨΗΦΟΙ Ρεπουμπλικάνοι ή παραδιδόμαστε την Αμερική σε αυτούς τους #DEM ηλίθιοι @USER # ΜΑΓΑ,OFF
66,53264,@USER @USER Οι αριστεροί δείχνουν και πάλι πόσο άσεμνοι μπορούν να είναι,OFF
67,28204,@USER Είναι ένας μεθυσμένος τρελός άνθρωπος.,OFF
68,42024,@USER Όλα αυτά τα χρήματα δεν σας έκαναν πιο έξυπνα.,OFF
69,84664,"@USER Ναι, χρειαζόμαστε περισσότερους μαζικούς διαδηλωτές και χρόνο antifa lol για ένα επικό beatdown😉",OFF
70,54842,"@USER Παρεμπιπτόντως γιατί δεν μετακομίζετε στην Αϊτή; Φιλελεύθεροι φαίνεται να βγάζεις σκατά από μεγάλες πόλεις. Πηγαίνετε λοιπόν κάπου όπου είναι ήδη σκατά, έτσι δεν χρειάζεται να κάνετε καμία δουλειά!",OFF
71,48995,Δεν θα έπρεπε το αρπακτικό μουνί @USER να φοράει τα γάντια ενώ χειρίζεται φαγητό; #MAGA URL,OFF
72,47153,"@USER @USER @USER @USER @USER @USER @USER @USER @USER @USER @USER @ Η Antifa δεν χτυπάει τους φασίσκους να προσπαθήσουν να τους κάνουν να αλλάξουν γνώμη - γνωρίζουν ότι είναι μια χαμένη αιτία να προσπαθήσουμε να αλλάξουμε μυαλό ενός φασιστή. Το κάνουν για να τους φοβίσουν να κρυφτούν, να τους αποθαρρύνουν και να σταματήσουν τη διάδοση της μίσους ιδεολογίας τους. Δεν υπάρχει αναγκαστική προβολή για άλλους &quot;.&quot;",OFF
73,76826,#FireMorningJoe κόβεται από το ίδιο πανί με όλους τους άλλους συντηρητικούς. Η μισογυνία και η μισαλλοδοξία του εμφανίζονται πάντα. Είναι υπεύθυνος για τον Τραμπ. Διεύθυνση URL,OFF
74,27645,@USER @USER Πραγματικά πρέπει να είναι το πιο ηλίθιο πράγμα που έχω δει ποτέ.,OFF
75,64429,@USER @USER @USER @USER @USER @USER @USER @USER @USER Λειτουργεί. Εάν θέλετε να ελέγξετε έναν πληθυσμό. Ο αυστραλιανός έλεγχος όπλων δεν είχε καμία επίδραση στις ανθρωποκτονίες.,OFF
76,20943,@USER @USER Οι φιλελεύθεροι καταστρέφουν τα πάντα!,OFF
77,78064,@USER Αυτό συμβαίνει όταν αφήνεις έναν φιλελεύθερο να κρατήσει ένα όπλο. Αυτό θα ήταν ένα καλό μέρος για να ξεκινήσετε τον έλεγχο των όπλων. Απαγορεύστε στους φιλελεύθερους να πάρουν όπλα.,OFF
78,14122,@USER @USER Φαίνεσαι χαρούμενος .MAGA,OFF
79,72353,"@USER Ωστόσο, είναι η ίδια λίπος.",OFF
80,39051,@USER @USER @USER Τι αστείο! Είναι πολύτιμος λίθος !! Είναι ρατσιστικό ψεύτικο! Ακριβώς μαζί με αυτό το ρατσιστικό ψεύτικο. Αυτό νομίζει ότι θα με ακολουθήσει από τον δεύτερο λογαριασμό της. Και μπλοκάρετε με. Επειδή μιλώ την αλήθεια. Θα μπορούσα να ενδιαφέρομαι λιγότερο για τους οπαδούς. Όπως είναι ένα μεγάλο πάρτι. Με νοιάζει ότι διακρίνουν τη διεύθυνση URL,OFF
81,54546,@USER @USER @USER Μπορεί να έχετε ξεχάσει ότι αυτή τη στιγμή είμαστε πολίτες της ΕΕ και έτσι όλα τα δικαιώματα που μας παρέχονται είναι τα ίδια με αυτά των άλλων πολιτών της ΕΕ. Μην πιστεύετε όλα τα σκατά που συμβαίνουν στο κεφάλι σας.,OFF
82,50759,"@USER @USER Μόλις αναζήτησε το Ιστορικό του έργου του, είναι εγγεγραμμένος στο Διοικητικό Συμβούλιο της Leading Age Services Aust (LASA) και προέρχεται από την Medicare Local Alliance ... τι στο διάολο είναι",OFF
83,75992,@USER Γιατί ποιος σκύλα παίζει με τον Θεό δεν μου δίνει το δώρο για τίποτα,OFF
84,45068,"@USER Προερχόμενος από τον άνθρωπο που απείλησε να προσπαθήσει να κλωτσήσει τον κώλο του Turmps, τώρα δεν το παίρνει ένα σετ μπάλα",OFF
85,17259,@USER Να φοβάσαι άσχημο άντρα;,OFF
86,95225,@USER @USER @USER @USER @USER Bitch .. Διεύθυνση URL,OFF
87,84667,&amp; terroism &amp; λιμοκτονία &amp; φλεγμονή &amp; φτώχεια &amp; κλιματική αλλαγή &amp; υπερθέρμανση του πλανήτη &amp; σωματεμπορία &amp; εκφοβισμός &amp; ντροπή σώματος &amp; αστυνομική βαρβαρότητα &amp; φεμινισμός &amp; έλεγχος όπλων &amp; πορείες και διαδηλώσεις,OFF
88,14574,"@USER ναι, η σκύλα σας στα δεξιά παίρνει το URL",OFF
89,23784,@USER Hahaha Οι ΜΕΓΑΛΟΙ μηροί δεν θα τα καταφέρουν,OFF
90,93119,"#maga #christineford # trump2020 #tcot #ccot #AmericaFirst #Patriots @USER #BrettKavanaugh είπε αυτό για τον Μπιλ Κλίντον κατά τη διάρκεια του Whitewater: Είναι επιτακτική ανάγκη να κάνει το μοτίβο της επαναστατικής συμπεριφοράς του σαφές - κομμάτι με επώδυνο κομμάτι. &quot;Πράγματι, URL",OFF
91,30115,Τα άτομα #MAGA έχουν πολύ χαμηλό IQ. Αύξηση του ΑΕΠ &quot;σημαίνει ΠΟΛΙΤΙΚΑ ΤΙΠΟΤΑ. Σε καμία περίπτωση αυτό δεν μεταφράζεται σε υψηλότερο εισόδημα για λευκούς οικογένειες ή άτομα. Όλα αυτά τα δισεκατομμύρια πηγαίνουν σε εταιρείες ή κυβέρνηση. Και ποιες θέσεις εργασίας δημιούργησε; Εργασία που πληρώνει λιγότερα από όσα ζει μισθός; URL,OFF
92,69281,"@USER Bro πηγαίνετε να παρακολουθείτε πώς κρατάει το ξύλο του στη συνέντευξη, σαν αυτό το σκατά ήταν ενοχλητικό, το lmao nigga είναι τρελό ύποπτο",OFF
93,15322,"Μια σκύλα χτισμένη έτσι θα μπορούσε να νικήσει τον κώλο μου ό, τι θέλει URL",OFF
94,75089,@USER @USER Πολύ αξιολύπητο άτομο!,OFF
95,21379,@USER @USER @USER @USER @USER @USER Πρέπει να μιλάτε για μίσους συντηρητικούς.,OFF
96,43133,@USER @USER Αυτό είναι σωστό !!! # ΜΑΓΑ,OFF
97,52102,@USER @USER @USER Αυτή η αριστερή είναι το λάθος στα φιλελεύθερα κολέγια. Περισσότεροι μαθητές και φοιτητές θα βγουν και θα αποκαλύψουν αυτή τη διεφθαρμένη γυναίκα που είναι αποφασισμένη να καταστρέψει μια καλή δικαστή επειδή θέλει μόνο φιλελεύθερους στα δικαστήρια. @USER @USER @USER,OFF
98,59537,"@USER @USER @USER @USER Αυτό είναι υπέροχο! Mark The Great One &quot;Levin and Candace&quot; The Great &quot;Owens μαζί! Αυτή η ομάδα είναι ασυναγώνιστη! Μόλις έστειλαν ξανά τους φιλελεύθερους σε μια φρενίτιδα! Ένα ολόκληρο μπλοκ φιλελεύθερων ψηφοφόρων μόλις είχε το κεφάλι τους να εκραγεί! Και ... δυστυχώς, η Alyssa Milano μόλις βρέξτε ξανά το παντελόνι της! Τέλεια ομάδα! &quot;",OFF
99,44209,@USER #StrataData #AI #data #hairball: @USER TDavis περιοδεύει την εφαρμογή τεχνικών #Cognitive και #machinelearning για την επιτάχυνση #Governance του #data URL,OFF
100,96664,@USER @USER @USER @USER Δεν πρότεινα τακτικές τρόμου. Εννοούσα πραγματικά αυτό που είπα. Ο Τραμπ μπορεί εύκολα να τραβήξει τους καλούς μύγους των Ρεπουμπλικάνων και μπορεί εύκολα να κλέψει αρκετές ψήφους από το GOP Dem και τους ανεξάρτητους και θα φέρει νέα ανάσα στην σάπια πολιτική μας. Σκέψου το.,OFF
101,12559,@USER @USER @USER @USER Μόνο ένας φιλελεύθερος θα υποστήριζε έναν φιλελεύθερο που ξόδεψε ένα ΕΙΚΟΝΑ για να εκλέξει τους φιλελεύθερους στο αξίωμα. # Λίμπλεϊλ! Διεύθυνση URL,OFF
102,61914,@USER Είναι τόσο περίεργο φαύλο και πικρό να παρεκκλίνουμε από &quot;όλοι πρέπει να έχουν πρόσβαση σε αξιοπρεπή υγειονομική περίθαλψη&quot; στους &quot;Φιλελεύθερους πιστεύουν ότι όλοι οι εγκληματίες πρέπει να είναι ελεύθεροι&quot;. Αποκαλύπτει έναν αρκετά βίαιο και αδιαπέραστο μυαλό.,OFF
103,32317,@USER Τι παιχνίδι στο διάολο παρακολουθείτε;,OFF
104,94767,@USER Γιατί; Γιατί οι φιλελεύθεροι είναι τόσο άχρηστοι;,OFF
105,64835,"@USER Ναι, το είδα και θα έλεγα ότι η τρυπητή παρέμεινε στο καλάθι και συνέχισε να επιστρέφει με ηλίθιες απαντήσεις.",OFF
106,41353,@USER Εάν πηγαίνετε από οτιδήποτε άλλο εκτός από αυτόν ή εσείς είστε στο κεφάλι.,OFF
107,52252,@USER Το μόνο που πρέπει να ξέρετε είναι ότι είναι άδειο μέσα,OFF
108,91001,@USER Οι Φιλελεύθεροι είναι ψυχικά ασταθείς !!,OFF
109,18495,@USER @USER Ποιος ενέκρινε ένταλμα αναζήτησης του κ. Jean home; Racist τι γίνεται με το τεστ ναρκωτικών της. Πρόκειται για προκαταρκτική δολοφονία. Δεν θα συκοφαντηθεί. Είναι το θύμα.,OFF
110,76680,@USER @USER @USER Έχω ακούσει ότι κάνει κύματα,OFF
111,88013,# Πέμπτη Σκέψεις - FUCK φιλελεύθεροι. Για πάντα.,OFF
112,66349,@USER Για άλλη μια φορά έχει αποδειχθεί ότι όλοι οι νόμοι ελέγχου όπλων προορίζονται να αφοπλίσουν τους νόμιμους πολίτες και να υπονομεύσουν το # 2A. Οι εγκληματίες * δεν * ενδιαφέρονται για τους νόμους περί όπλων.,OFF
113,80561,Ο χρήστης @USER @USER Mxm nigger πιστεύει ότι δίνουμε μια γαμήλια διεύθυνση URL,OFF
114,16052,@USER @USER Είναι ψεύτικο. Ψηφίστε την. Τώρα θέλει συμπάθεια.,OFF
115,49996,10 παιδιά από διαφορετικές γυναίκες από αυτούς τους άντρες άνεργους στην Αμερική; Νιγηριανοί άνδρες είσαι η βόμβα !!!,OFF
116,77086,"@USER Αυτός ο Ρώσος πράκτορας είναι ΔΙΑΦΟΡΑ. Γεια σου, παρωδία @USER θα πεθάνεις στη φυλακή. Εσείς και ο Τραμπ πουλήσατε την Αμερική στους Ρώσους και ήρθε η ώρα να κάνετε το χρόνο για τα χρόνια των εγκλημάτων σας. Σκάμπα.",OFF
117,10972,@USER Τι απίστευτα γελοίο μαλακίες.,OFF
118,69160,@USER Δεν πρέπει να εκπλαγούμε. Αυτοί οι ίδιοι χοίροι συνεργάστηκαν με τους νεοναζί για να αποκαλύψουν τους διαδηλωτές κατά των αντιπάλων. Και η τοπική κάλυψη από σκατά περιοδικά όπως το @USER δεν κάλυψε καθόλου. Έπρεπε να βασιστούμε στο @USER για τη διεύθυνση URL κάλυψης της έρευνας,OFF
119,28380,@USER @USER Επειδή το 45% των Αμερικανών είναι πολύ τεμπέληδες να ψηφίσουν. Οι μη ψηφοφόροι δεν είναι φιλελεύθεροι. Και πάρα πολλοί φιλελεύθεροι που ψηφίζουν ρίχνουν την ψήφο τους σε χαμένους τρίτων. Επόμενη ερώτηση?,OFF
120,40252,"@USER @USER Είμαι βέβαιος ότι δεν καλεί την ιδιωτική εταιρεία ασφαλείας της κοινότητας του Bull Connors, ωστόσο. Είναι αστείο: Τώρα οι φιλελεύθεροι ΑΓΑΠΟΥΝ την ιδιωτικοποίηση της αστυνομίας! &quot;",OFF
121,39907,@USER @USER Αναρωτιέστε πόσα παιδιά κακοποίησε,OFF
122,16164,@USER @USER Είστε στην Αγγλία; Οι απόψεις σας σχετικά με τον έλεγχο όπλων σταμάτησαν να έχουν σημασία το 1776,OFF
123,52824,@USER @USER @USER @USER @USER @USER Αυτό είναι το πάρτι της ANTIFA και ξαφνικά περιμένουν από εμάς να πιστεύουμε ότι ενδιαφέρονται για κανέναν εκτός από τον εαυτό τους. Οχι.,OFF
124,77294,@USER Ωχ!,OFF
125,13420,"@USER @USER Αναρωτιέμαι αν ζήτησε συγγνώμη από τους Diamond και Silk που τους αποκαλούσαν «σόου του σινεμά»; Θα έπρεπε να απολυθεί, αλλά εκεί κάνει πρόσωπα.",OFF
126,16940,"@USER Γι &#39;αυτό είναι φοβερό που ο Kavanaugh δεν έσφιξε το χέρι του μπαμπά του όπλου. Συγγνώμη για το παιδί σκοτώθηκε από όπλο, αλλά δεν συνέβη το μέλλον των κριτών…",OFF
127,83816,Το @USER John Podesta είναι ένα πνευματικό μαγειρικό pedo. Εδώ είναι μια φωτογραφία του και της Valerie Jarrett σε μια μάλλον συμβιβαστική κατάσταση. #MAGA #qanon #DrainTheDeepState #DrainTheSwamp URL,OFF
128,99156,@USER Λατρεύω τον τρόπο που εκνευρίζει τους φιλελεύθερους. Διεύθυνση URL,OFF
129,11255,@USER @USER @USER Η αυτόματη διόρθωση της Gggrrr είναι μια * τρελή μάγισσα *,OFF
130,28841,@USER @USER Όταν γύρισα την ομιλία μου ακούγεται σαν οι Φιλελεύθεροι να γίνονται ένα άλλο άσχημο κόμμα &quot;με τις προσωπικές του επιθέσεις σε διάφορα άτομα.&quot;,OFF
131,79060,@USER Ένας άλλος αρνητικός Δημοκρατικός που αρνείται να εξαφανιστεί!,OFF
132,71682,. @ USER Ως εκλεγμένος βουλευτής μου θα μπορούσατε να εξηγήσετε γιατί ο @USER εξακολουθεί να προωθεί ιδέες τις οποίες η ΕΕ έχει ήδη απορρίψει; Έχουμε 6 μήνες ακόμη και τίποτα δεν φαίνεται να κινείται προς τα εμπρός. Το @USER είναι σαν το τυφλό που οδηγεί τα τυφλά #brexitshambles #BrexitMeansBrexit URL,OFF
133,17577,@USER Έτσι δεν μπορεί να επηρεαστεί από την ακτινοβολία αλλά σκοτώθηκε. Ελπίζω να αναφέρει τη μάγισσα της Lady Gaga. Δεδομένου ότι είναι η μόνη γνωστή αθάνατη μάγισσα και υπέρτατη,OFF
134,27503,(Σεζόν εκλογών 2020) Trump: το πουλί μου είναι το πιο υπέροχο πουλί. Απλώς απίστευτο. Αριστερά: αποδείξτε τη Ρωσική μαριονέτα! Τραμπ: * χτυπάει ταιριάζει σε γοητεία * Συντηρητικοί: * ψηφίστε Τραμπ στη νίκη *,OFF
135,59998,@USER @USER @USER @USER Ενδιαφέρον όταν οι Demoncraps δεν είναι καν αρκετά εφευρετικοί για να δημιουργήσουν τα δικά τους κινούμενα σχέδια. Αυτό εκδόθηκε αρχικά από τους Ρεπουμπλικάνους - οι φιλελεύθεροι είναι οι πότες της Κοαλαΐδης και ήταν πάντα. Οι φιλελεύθεροι είναι επίσης τα σκουπίδια της γης και το αποδεικνύουν καθημερινά μέσω των ψεμάτων τους,OFF
136,81119,@USER ajsjjsjdkkdjdk τον θέλω τόσο πολύ που μου είπε κυριολεκτικά να πεθάνω και θα τον υπακούσω,OFF
137,28812,"@USER @USER @USER @USER Είναι νεκρός. Είστε λοιπόν και νεκροφιλικός; Καλό να ξέρετε ... πρέπει να πιπιλίζετε το σκάκι, δεν πειράζει το τρισδιάστατο σκάκι ... δεν μπορείτε καν να σκεφτείτε κανείς να προχωρήσει, πόσο μάλλον πολλοί ... Αλλάξτε τη λαβή του Twitter σε DumbAF, ούτε καν ish🙄🙄🙄",OFF
138,84131,"@USER @USER @USER @USER @USER @USER @USER @USER @USER @USER @USER @USER @USER @USER @USER @USER @USER @USER @USER @USER @USER @USER @USER @USER @USER @USER @USER @USER @USER @USER @USER @USER @USER @USER @USER @USER @USER @USER @USER @USER @USER @USER @USER @USER @USER @USER @USER δοκιμάστε και αποφασίστε ότι είστε πληρωμένος, &quot;πολύ, αν καταλήξετε να περιμένετε QAnon θα το συνηθίσετε.&quot;",OFF
139,23179,@USER @USER @USER Ο Trump είναι ένας πολύ άρρωστος άνθρωπος. Είναι τοξικός και μεθυσμένος.,OFF
140,28601,Οι ψηφοφόροι # VA10 γνωρίζουν ότι το @USER είναι η σωστή πλευρά του ζητήματος των όπλων. Έλεγχος όπλου ή δικαιώματα όπλου; Η απάντηση μπορεί να σας βοηθήσει να προσδιορίσετε εάν ο εκπρόσωπος Comstock που χρηματοδοτείται από την NRA κερδίζει την επανεπιλογή URL,OFF
141,64776,@USER #oshaeterry #ThugLife #Criminal συμπεριφέρεται ως συνηθισμένο ποινικό μίας χρήσης. #MAGA # MAGA2020 #MAGARallyRules #TexasPolice,OFF
142,95712,@USER @USER Είναι γεμάτη κουκέτα.,OFF
143,69972,@USER Hell μποϊκοτάρισαν τον McEnroe ..... αυτό είναι πάρα πολύ !!,OFF
144,37115,Το ANTI-ANTIFA είναι μπάλες,OFF
145,80696,@USER IM ΠΕΡΙΣΣΟΤΕΡΑ HARDCORE BITCH,OFF
146,68163,@USER Συνήθιζα να κάνω σηματοδοσία μαϊμού από καρδιάς. Το έπαιξε για τη γυναίκα και είναι σαν τι διάολο;,OFF
147,96789,"@USER Νομίζω ότι είναι αυτή που είναι τρελή. Δεν της άρεσε να καλείται, οπότε προσπαθεί να με κάνει να με φοβερίζει. 😆",OFF
148,68629,"@USER @USER @USER, έτσι είναι αηδιαστικό για εσάς επειδή είναι οπαδός της Rangers! με αηδιάζεις γιατί υποστηρίζεις τη διάλυση της ένωσης! #proudtobeΒρετανικά 🇬🇧",OFF
149,66109,@USER Πρέπει. Ας ελπίσουμε ότι οι ψηφοφόροι θα συνειδητοποιήσουν ότι θα μπορούσαν να έχουν τελειώσει αυτό το shitshow πολύ πριν από τα μεσοπρόθεσμα.,OFF
150,19419,@USER 2018 διαγράμματα είναι. Συνολικά σκατά όχι. Ο Κάρντι έχει τρόπους να πάει για να πιάσει τη Νίκη,OFF
151,32942,"@USER @USER @USER Νομίζω ότι έχασα μερικές απαντήσεις εδώ (είμαι σε μια κλήση συνδιάσκεψης), αλλά οι περισσότεροι από τους μουσουλμάνους κτηνιάτρους κατά των τζιχάντ που ξέρω θα διαφωνούσαν με τον έλεγχο των όπλων. έτσι φαίνεται περίεργο ...;",OFF
152,74285,@USER Κοιτάξτε όλους αυτούς τους ρατσιστικούς λευκούς φιλελεύθερους που φρικάρουν γιατί είπα ότι ο Tom Arnold έχει λευκά προνόμια.,OFF
153,77319,"Το @USER Hubby με έσπασε Παρεμπιπτόντως, εξακολουθεί να είναι το αφεντικό",OFF
154,30517,@USER @USER OMG !!!! Πραγματικά !!! #FrankOz ... Οι φιλελεύθεροι καταστρέφουν τα πάντα ... #DefundPBS ..,OFF
155,69077,"@USER @USER Ουάου !!! Ποτέ δεν πίστευα ότι θα έβλεπα την αριστερά να παραδεχόταν πραγματικά ότι θέλουν να κλείσουν την ελεύθερη ομιλία εκτός αν είναι δική τους. Τουλάχιστον παραδέχονται ότι είναι ο φασός. Άλλωστε, δημιούργησαν τις 2 ομάδες με τα περισσότερα πρόσωπα ... ANTIFA και KKK.",OFF
156,67758,@USER Rip lmao που ξέρει 😂 γι &#39;αυτό προσπαθώ τόσο σκληρά για να μην εκθέσω τα σκατά μου γιατί δεν μπορούν ποτέ να συσχετιστούν ούτως ή άλλως,OFF
157,35944,@USER Bullshit !!!,OFF
158,48223,@USER Νιώθω πολύ πατήσαμε και μετά ξεκίνησα μια χαρά,OFF
159,47168,@USER Φοβερό,OFF
160,53947,@USER Δεν ξέρω τίποτα για το kkk αν και πιστεύω ότι οι δημοκράτες τους χρηματοδοτούν όπως πάντα. Νομίζω ότι η κύρια τρομοκρατική ομάδα Dems αυτές τις μέρες είναι antifa.,OFF
161,49504,@USER @USER @USER Είναι απολύτως άχρηστη. Όλοι το γνωρίζουν εκτός από αυτήν και τα μέσα ενημέρωσης.,OFF
162,66291,@USER Μήπως κάποιος νοιάζεται τι λέει αυτός ο σάκος σκουπιδιών ???,OFF
163,31229,"@USER @USER ΔΕΝ ΕΙΝΑΙ ΠΙΘΑΝΟΤΗΤΑ ΧΕΙΡΙΣΜΟΥΣ ΣΕ HELL DIMWIT DEM. Αρχίστε να χάνετε σαν άνθρωπος ..... err ... σαν .... Ό, τι αναγνωρίζετε ως σήμερα. ΔΕΝ ΘΑ ΜΑΣ ΚΑΝΕΤΑΙ # ΝΑΥΤΙΛΟΥΜΕ ΤΟ ΝΟΕΜΒΡΙΟ ΓΙΑ ΤΟ # REDWAVERISING2018 ΔΕΝ ΜΠΟΡΕΙ ΝΑ ΣΤΑΣΕΤΕ #ScotusKavenaugh",OFF
164,75850,@USER Ας ελπίσουμε ότι η παχυσαρκία σας έχει φτάσει μέχρι τότε,OFF
165,88546,@USER @USER My Stoned Wheat Crackers! Πού στο διάολο έβαλαν το Stoned Wheat Crackers;,OFF
166,29241,#fordnation #onpoli #Conservatives #Cervative #onpc Ακριβώς επειδή δεν μπορείτε να σημαίνει ότι πρέπει. Η μεγάλη δύναμη έρχεται με μεγάλη ευθύνη. Επικαλούμενος την τέχνη. 33 και παρακάμπτοντας τις δικαστικές μας διαδικασίες υπερισχύετε της δημοκρατίας μας. Διεύθυνση URL,OFF
167,19842,@USER Σας ευχαριστούμε για την επιμονή και την επιμονή σας. Παρακαλώ δώστε στον McConnell ένα λάκτισμα από ορισμένους από εμάς συντηρητικούς.,OFF
168,69232,"@USER YESSSSSHHHHH ποιος άλλος σας αποκαλεί σκατά, αν δεν ήμουν εγώ ή ryme 😚",OFF
169,36471,@USER Είναι ένας από αυτούς τους «κουκικούς» φιλελεύθερους,OFF
170,32897,@USER Όπως αν δεν απολύθηκε από το ESPN,OFF
171,62072,@USER εκείνοι οι μαθητές που δεν έχουν τραυματιστεί από τη διεξαγωγή ζωντανών ασκήσεων σκοπευτών ή από την απομάκρυνση του φόβου ότι θα σκοτωθούν στο σχολείο κάνουν ήδη το καλύτερό τους. Στείλτε το παιδί ΣΑΣ σε ένα από αυτά τα σχολεία και ενδέχεται να κάνουμε κάποια ενέργεια για τον έλεγχο των όπλων. Υποκριτής.,OFF
172,95444,@USER @USER Φτωχοί λυπημένοι φιλελεύθεροι. Δεν υπάρχει ελπίδα για αυτούς.,OFF
173,51172,Έχω πιο κοινή λογική από όλους τους οπαδούς μου :),OFF
174,62481,@USER CBS sez Διευθύνων Σύμβουλος Leslie Moonves έξω από τον κώλο του μετά από αρκετούς ισχυρισμούς ότι κυνηγούσε τον κώλο ... COO Ο Joseph Iannello θα είναι προσωρινός Διευθύνων Σύμβουλος έως ότου κάποιος τον κατηγορήσει για το ίδιο πράγμα ... Αυτό το &quot;σκατά&quot; δεν τελειώνει ποτέ ... Ωχ ...,OFF
175,71895,@USER Ακόμα κι αν ο διάβολος έκανε κάθε έναν από αυτούς τους ιερείς να βιάσουν παιδιά ... Γιατί ο Πάπας αρνείται να το καταδικάσει; Γιατί δεν αφαιρέθηκε από την ηγεσία που του έφερε ο βιαστής;,OFF
176,78366,"@USER Δεν έκανα tweet αυτό το lol, πρέπει να βγάλω το Twitter μου από αυτά τα σκατά",OFF
177,39021,@USER Είναι. Είσαι βιδωμένος. Ο Τραμπ κατέχει σκωτσέζικο και θα απαιτήσει μια οργή εναντίον των εχθρών μετά τα μεσοπρόθεσμα,OFF
178,68840,@USER Τότε ΚΑΛΕΣΤΕ ΤΑ ΛΙΠΑΡΑ ΣΑΣ ΣΕ ΚΑΡΔΙΑ ΤΡΟΠΟΙ ΝΑ ΦΑΡΜΑΚΕΥΣΕΤΕ !!!,OFF
179,96837,"@USER @USER Ο καθένας μπορεί να πει ή να γράψει κάτι για τον εαυτό του. Ας υποθέσουμε ότι αύριο λέει ότι είναι προφήτης και η ανθρώπινη φυλή πρέπει να την ακολουθήσει. Τι λέει γι &#39;αυτήν; Μόλις βλέπω κάποιον ως άχρηστο ηλίθιο, σταματάω να του δίνω προσοχή. Κάνεις τον ίδιο αδερφό. Δεν είναι κανείς.",OFF
180,51815,"@ Ο χρήστης είναι τόσο δροσερός που η ιδέα του τυφλού ηλίθιου &quot;είναι ήδη ένα πραγματικό πράγμα από μια θρησκεία χιλιάδων ετών, αλλά οι άνθρωποι πρέπει να το κάνουν ένα γαμημένο cthulhu αναφορά για επιβράδυνση&quot;",OFF
181,62023,@USER @USER Είναι παραληρητικός!,OFF
182,10253,Το @USER Rezz είναι μια χαζή σκύλα που θα πάρει μια αγενή αφύπνιση από το BNF στο URL lol του Μεξικού,OFF
183,21367,Ειδοποίηση: Το Candace Owens δέχτηκε επίθεση από το URL Antifa,OFF
184,33797,@USER Ένας άλλος χαζός Δημοκρατικός. Ένα πράγμα που πρέπει να πείτε για αυτόν τον πρόεδρο είναι ότι δεν είναι τεμπέλης. Μια άλλη μαλακία ιστορία ως συνήθως,OFF
185,11160,"@USER @USER όταν η Robyn δημοσιεύει μια selfie, ο κόσμος σταματά για μια στιγμή για να το εκτιμήσει",OFF
186,32916,"@USER @USER @USER Οι Δημοκρατικοί είναι τόσο απελπισμένοι, όλοι αυτοί που απειλούν το Σεν Κόλινς από την CA. Θα κάνουν οτιδήποτε για να καθυστερήσουν ή να σταματήσουν την επιβεβαίωση και η επανεκλογή του @USER είναι στη γραμμή που είναι απελπισμένη. Το ppl &amp; GOP γνωρίζουν πολύ καλά τι συμβαίνει.",OFF
187,47427,@USER Έτσι κινείται προς τα εμπρός. Γαμώτο τα γεγονότα αρκεί να συνεχίσετε την αφήγηση! Η επικίνδυνη γραμμή είναι η ολισθαίνουσα γραμμή κλίμακας που χρησιμοποιείτε πολλοί φιλελεύθεροι ηλίθιοι για να βλάψετε τους Συντηρητικούς ή να δικαιολογήσετε τις ενέργειες των φιλελεύθερων,OFF
188,87052,@USER Φτωχό μωρό. Γι &#39;αυτό εσείς και ολόκληρο το δίκτυό σας ΔΕΝ Εμπιστεύεστε. Οι μόνοι που παρακολουθούν το CNN είναι φιλελεύθεροι και δαιμόνιοι που έχουν πλυθεί στον εγκέφαλο. Διεύθυνση URL,OFF
189,29556,@USER @USER (Είναι σαφώς αναστατωμένος σε αμυντική στάση) Σκατά - τι κάνει εδώ,OFF
190,18547,@USER Τότε θα σας δαγκώσει,OFF
191,32688,Το βιβλίο του χρήστη USER Woodword είναι συκοφαντικό. Δεν είναι τίποτα άλλο από ένα εργαλείο κλόουν!,OFF
192,57850,@USER Πόσα περισσότερα ??? Αυτή η χώρα ΠΡΕΠΕΙ να απευθύνεται σε λογικό έλεγχο όπλο! Αυτό είναι κάτι περισσότερο από ΑΓΟΡΑ !!! ΨΗΦΙΑ ΜΠΛΕ! ΑΠΟΚΤΗΣΤΕ ΑΥΤΟ ΤΟ GARBAGE ΚΑΘΑΡΙΣΜΟΣ ΤΩΝ ΟΔΩΝ ΜΑΣ,OFF
193,82607,"@USER Φαίνεται ότι συνδυάζεται με ένα WOO-HOO, οπότε πρέπει να πιστεύει ότι βρίσκεται στο δρόμο για ένα πορνείο.",OFF
194,82339,@USER @USER @USER Είναι ψυχικά ασταθής.,OFF
195,98077,@USER Χαρακτήρας και Κλίντον. Ίσως κινούμενα σχέδια,OFF
196,62815,@USER @USER @USER @USER @USER @USER @USER @USER @USER Μου αρέσει που δεν τους αρέσουν. Δεν καταλαβαίνω γιατί αρνείται να κάνει πορνό.,OFF
197,34510,@USER @USER @USER @USER @USER FEMA ήρθε σε επαφή με τον γερουσιαστή και του είπαν. Είναι μια τηλεοπτική επιτυχία που τους παίρνετε όταν μπορείτε &quot;Είναι ψεύτης. Αν είχε ένα σετ ... θα έβαζε το μεγάλο κορίτσι του κιλότα και πες την αλήθεια! &quot;,OFF
198,53501,"@USER Αλλά νόμιζα ότι η Antifa ήταν στην πραγματικότητα φασίστες, αλλά αυτό δείχνει ότι οι Rethuglicans είναι οι πραγματικοί φασίστες στο δωμάτιο.",OFF
199,69928,@USER @USER @USER @USER @USER @USER @USER @USER @USER @USER Τόσο παράλογο. Η αριστερά αγωνίζεται βίαιες φεμινίστριες και κομμουνιστές με τη μορφή Antifa για να επιτεθεί στην πολύ ειρηνική μετάβαση της εξουσίας για περισσότερα από δύο χρόνια. Αναρωτιέμαι αν θα συμβεί ποτέ ότι είστε οι κακοί; Αμφιβάλλω ότι έχετε την ηθική δύναμη.,OFF
200,31853,Κάποιος εξέπληξε; @USER #CloserNation #MAGA #QAnon URL,OFF
201,13872,@USER Όχι εάν είστε από το Ουισκόνσιν. Και είναι ένα φυσαλίδων. Και πάπια πάπια χήνα.,OFF
202,30791,@USER Οι καλοί φιλελεύθεροι θα επιτρέψουν σε έναν βιαστή &quot;να συνεχίσει να υπηρετεί σε ομοσπονδιακό περιφερειακό δικαστήριο ενώ το θύμα του συνεχίζει να υποφέρει; Αλλά ... είπατε .... είπατε ....&quot;,OFF
203,80385,@USER Τότε γιατί προσποιείται ότι είναι κάτι που δεν είναι; Είσαι ψεύτικος και όλα τα ψέματά σου δεν θα το αλλάξουν!,OFF
204,54292,@USER Χλευάστηκε τους SJW και το KKK με εξαιρετικά έξυπνη σάτιρα. Το γεγονός ότι δεν έχετε αίσθηση του χιούμορ ή είστε πολύ ηλίθιοι για να το πάρετε είναι δικό μας λάθος. Κανένα από αυτά δεν σημαίνει ότι μπορείτε να υποτιμήσετε ή να ψέψετε για τα κίνητρά της. Είναι γυναίκα αμερικανών ιθαγενών και είστε μισαλλόδοξος μισογυνιστής.,OFF
205,28985,@USER @USER @USER Λέτε ότι είναι γαλοπούλα ock,OFF
206,52375,@USER @USER Τέτοιες παραληρητικές φιλελεύθερες ..! Έτσι στριμμένα με μίσος δεν μπορείτε καν να αναγνωρίσετε την Πολεμική Αεροπορία των ΗΠΑ .. !!,OFF
207,74004,@USER @USER Είναι καλύτερη από όλα αυτά τα σκατά. Είναι καλύτερη από οτιδήποτε άλλο. ❤️,OFF
208,70838,@USER βλάκα τι θα έκανα για να μπορώ να φάω αυτό το μουνί,OFF
209,64577,@USER Τι ακριβώς ισχύει για τον Willy που κάποιος με μισό εγκέφαλο θα θεωρούσε συντηρητικό; Ο τύπος είναι κυριολεκτικά παιδί αφίσα για τους Φιλελεύθερους,OFF
210,44448,@USER @USER Queen of Rap 😛 Άλλες σκύλες μπορούν να συσχετιστούν,OFF
211,53928,@USER Θα ήμουν χειρότερος από το να γλείφει αυτόν τον κώλο,OFF
212,45337,"@USER Έτσι ένας παθολογικός ψεύτης πρόκειται να δώσει στον Κριτή μια διάλεξη σχετικά με την αξιοπιστία, επειδή ο δικαστής δεν θα παραδεχτεί κάτι που δεν έκανε ... και είμαστε οι ηλίθιοι .... 😳 Και οι φιλελεύθεροι δεν έχουν καμία ντροπή η άγνοια των εκλεγμένων αντιπροσώπων τους.",OFF
213,85707,"@USER @USER @USER Έχουμε ένα ηλίθιο πρόβλημα. Οι συντηρητικοί δεν μισούν μόνο μελέτες από έξυπνους ανθρώπους (έξυπνοι άνθρωποι απορροφούν) που δείχνουν δεδομένα (δεδομένα schmata) και γεγονότα (#fakenews), αλλά το να είσαι κοντά σε ένα μπορεί να μετατρέψει κάποιον σε νιτ. #cdnpoli",OFF
214,63292,@USER BITCH,OFF
215,15991,"@USER Εάν ο Jamie Oliver χαίρεται με τις προσφορές γευμάτων 3 £ στο Tesco, θα σκοτώσω τη γάτα",OFF
216,25009,"@ ΧΡΗΣΤΗΣ ΦΡΟΝΤΙΖΩ ΠΟΥ ΔΙΑΦΟΡΑ. Δεν με νοιάζει αν είχε κάποια ζιζάνια στο σπίτι του (όπως και πολλοί Αμερικανοί) περισσότερο από ό, τι θα με νοιάζει αν είπατε ότι είχε 100 ζευγάρια κάλτσες. Είναι το θύμα. Προσπαθείτε να λερώσετε το θύμα. Είσαι απαίσιος.",OFF
217,90990,@USER @USER @USER Πρέπει να πλένω το στόμα σου με σαπούνι για να το πω αυτό! Έχω τον απόλυτο σεβασμό και θαυμασμό για τους μπάτσους μας. Δεν έχω αυτό για σακούλες που θα μπουν στο σπίτι μου. Ο έλεγχος όπλου σημαίνει ένα σταθερό χέρι και όχι ένα άδειο. Πηγαίνετε να μιλήσετε με τους φίλους της Antifa σχετικά με το ότι είστε αγωγός,OFF
218,65785,@USER ΕΙΝΑΙ ΡΟΥΣΙΚΟΣ SPY / ΕΧΕΙ ΛΑΜΒΑΝΕΙ ΠΟΛΛΑ ΧΡΗΜΑΤΑ ΑΠΟ ΤΟ PUTIN.,OFF
219,38837,"@USER @USER Λοιπόν είναι φιλελεύθερος, ώστε να το εξηγεί. Ποιος ξέρει ότι ο σκοπευτής μπορεί να είναι φιλελεύθερος από όσο ξέρει. Οι φιλελεύθεροι είναι πολύ μισητοί βίαιοι άνθρωποι και πρέπει να νικηθούν!",OFF
220,94182,"@USER @USER Δεν υπάρχουν νέα. οργανώσεις δίνουν στην Faith Goldy την ώρα της ημέρας. Αυτό είναι απλά λάθος. Μπορεί να μην έχει την εμπειρία των άλλων δύο άχρηστων ανόητων, αλλά νοιάζεται και δεν είναι ανόητος.",OFF
221,77653,@USER απλώς έδωσα στο Beto $ 100 και θα έπρεπε και εσείς όλοι. Ο Τραμπ κάλεσε τη γυναίκα του Τεντ άσχημο και εξακολουθεί να γλείφει τις μπότες του για βοήθεια με την επανεκλογή.,OFF
222,27238,Ήταν αυτή η απειλή από το URL του χρήστη @USER #DangerousDemocrats #maga,OFF
223,12892,@USER @USER Οι φιλελεύθεροι δεν μπορούν να φανταστούν μια περίσταση όπου αναγκάζονται να υπερασπιστούν τον εαυτό τους ή την οικογένειά τους από τη βία. Φαντάζονται μια τέτοια πιθανότητα να είναι πέρα από τη σφαίρα πιθανότητας και πιστεύουν ανόητα ότι η αστυνομία θα φτάσει αρκετά γρήγορα για να τους σώσει.,OFF
224,16885,@USER Επιτρέψτε μου να δανειστώ πρώτα σκατά 🤣,OFF
225,46581,@USER WOW! Αυτό το ψέμα είναι πάλι σε αυτό. Διεύθυνση URL,OFF
226,41517,"@USER Stfu σκύλα lol γιατί είσαι αλμυρός, προσπαθώ να κάνω το διάσημο twitter",OFF
227,22717,@USER ... @ Ο ΧΡΗΣΤΗΣ είναι 100% σωστός και πρέπει να επικροτηθεί για την κριτική του ανίκανου και διεφθαρμένου Προέδρου μας - δεν καταγγέλλεται γι &#39;αυτό ..... @ USER @USER @USER @USER @USER @USER @USER @USER @USER @USER @USER @USER,OFF
228,88539,@USER Μετατρέπετε μια βαρετή Τρίτη το βράδυ σε σούπερ σέξι! Τόσο καυτό! 🔥🔥🔥,OFF
229,65786,@USER Αλλά όχι τόσο απεχθές όπως το δικό της.,OFF
230,54437,@USER @USER Χωρίς αμφιβολία ο καθηγητής Ford ανησυχεί ότι είναι ευγενικό. Οι μισές γυναίκες στον κόσμο (πιθανώς περισσότερες) έχουν μαζευτεί ταυτόχρονα και δεν την κρατούν για 40 χρόνια. Αυτό είναι προφανώς ένα πολιτικό τέχνασμα για να αποτρέψει την επιβεβαίωση του σκωτίου. @USER #MAGA,OFF
231,19514,@USER @USER Είναι τόσο κακός όσο και παραληρητικός. Τρώει αυτά τα υψηλής ποιότητας τσιπς.,OFF
232,57943,Ο χρήστης @USER @USER έκλεισε το πρόβλημα,OFF
233,66328,@USER FUCK OFF,OFF
234,34317,@USER @USER Θα έχει μια συνολική διανοητική βλάβη όταν επανεκλεγεί !!!!,OFF
235,44837,@USER @USER @USER @USER @USER @USER @USER @USER @USER @USER που αφορά την πιο θλιβερή ύπαρξη που έχω μυστικό να διαβάσω. Χάλια για να είσαι άντρας,OFF
236,36289,"@USER Λοιπόν ... Συνδέθηκε η Angela με έναν νεαρότερο άντρα, ώστε να έχει κάποιον να σκουπίσει το πισινό της όταν είναι 75 ετών;",OFF
237,80570,@USER Καλό !!! Αυτό σίγουρα θα μας δείξει πόσο μαλακός είναι. 😂😂😂,OFF
238,43185,@USER @USER @USER @USER @USER @USER @USER Το ακριβές καπέλο @USER είναι αληθινοί Feckers! Τους μισώ,OFF
239,86477,Το @USER περιμένει ακόμα το λίπος μου,OFF
240,67080,Ο χρήστης @USER Sam τραγουδούσε και τους είπε να σταματήσει να τραγουδά και τους ευχαρίστησε !! Απίστευτος!!! Με ποιον μιλάει ;! Είναι αρκετά κακό όταν μιλάει σε έναν από τους οικιακούς !! Αλλά για να συνεχίσει να μιλάει στον εαυτό της! Αναρωτιέστε τι σκέφτεται η οικογένειά της για τα καρύδια!,OFF
241,96270,@USER Νομίζω ότι θα μπορούσε να κληθεί ένα κουτάλι μιλώντας και από τις δύο πλευρές του γαμημένου στόματος του Lindsey Graham δεν μπορεί πλέον να είναι αξιόπιστη διεύθυνση URL,OFF
242,44015,"@USER @USER @USER @USER Ωχ, ακούτε τόσο αδαείς με τα λόγια σας. Είμαστε στην κορυφή. Όλη η Αμερική είναι στην κορυφή τώρα. Τι θα λέγατε να σταματήσετε να αντιστέκεστε και να προσπαθήσετε να κάνετε το έθνος μας το καλύτερο για όλους όχι μόνο φιλελεύθερους. Ξυπνήστε και περπατήστε μακριά.",OFF
243,48060,@USER χάλια,OFF
244,31065,@USER Fuckkk 😂😂 Ξέρω ότι είδα σκύλα που είναι ένα χαστούκι,OFF
245,11411,@USER @USER Ο Lefty Pope πρέπει επίσης! Δεν είναι άξιος εκπρόσωπος για αληθινά χριστιανικά ρωμαϊκά καθολικά !! Απέτυχε το κοπάδι του!,OFF
246,10133,"@USER Και ειλικρινά είναι γελοίο .. ψωνίζετε παντοπωλεία, δεν χρειάζεται να είστε έτσι",OFF
247,22128,"@USER @USER @USER @USER @USER @USER @USER @USER @USER @USER @USER @USER @USER @USER @USER @USER Λίγο γνωστό γεγονός Ο Μπαλαάμ έτρεξε γαϊδούρια και έβαλε τζόγο σε αγώνες. Μια μέρα ο γρηγορότερος κώλος του κέρδισε τα κληρώματα της Ιερουσαλήμ. Και λίγο πριν το τέλος, ο κώλος έχασε τον έλεγχο να τρέχει σε έναν Σαμαρείτη και δύο Αφρικανούς. Η τοπική αντιφατική είδε το όλο πράγμα και κατηγόρησε τον ταχύτερο κώλο!",OFF
248,36518,"@USER @USER @USER αν ήταν αληθινή bhakt Krishn, δεν θα νοιαζόταν καν για την παρουσία ή την απουσία τέτοιων νόμων ... θα ήταν πάνω από τέτοια ζητήματα ... μια τυπική νοοτροπία Chandigarh για ένα up manship στην οποία εγκλωβίζεται ... καλέστε την οτιδήποτε άλλο, εκτός από τον Κρισν μπάκτ .. σαν ποιος νοιάζεται για το τι κάνει ...",OFF
249,59559,@USER Έγινε από την Κυριακή το βράδυ. Είναι νωθρότητα.,OFF
250,99618,@USER @USER Μερικά πράγματα ΠΟΤΕ ΑΛΛΑΓΗ! Το 1991 #SCOTUS Clarence Thomas&#39;s #HighTechLynching από τους @USER @USER &amp; @USER #MAGA ΚΑΤΑΠΛΗΚΤΗΣΤΕ εναντίον αυτών των ψεμάτων! #ConfirmKavanaugh @USER @USER @USER @USER #DJT #Kavanaugh #MeToo URL,OFF
251,53309,@USER @USER Ο σκύλος έκλεισε χτίζοντας την αυτοεκτίμησή του,OFF
252,29497,@USER @USER @USER @USER @USER Αυτό το σήμα χειρός χρησιμοποιείται από αδαείς ανθρώπους ως σήμα λευκής υπεροχής και από κακούς ανθρώπους που παίρνουν πολλή ικανοποίηση στην ιδέα να εκνευρίζουν τους φιλελεύθερους. Πρέπει να αγνοήσουμε και τα δύο γιατί οι επιδείξεις άγνοιας και μίσους δεν αξίζουν τον χρόνο και την προσοχή μας.,OFF
253,84329,"#USA #UK και πιθανώς # Ευρώπη και # Αυστραλία Με το επίπεδο νοημοσύνης τους; Ουάι, όλοι άκαμπτοι! #MAGA #MEGA #MBGA #MCGA #Cervervatives #Patriots #Celebrities URL",OFF
254,50315,@USER Πότε θα μάθουν οι Ρεπουμπλικάνοι ότι οι Δημοκρατικοί μισούν τους συντηρητικούς. Ψηφίστε την Πέμπτη,OFF
255,97959,@USER @USER Δεν είναι αυτό το Amazon σκύλα από την Antifa;,OFF
256,66524,@USER @USER @USER @USER @USER @USER @USER Ψέμα τι; Σίγουρα όχι για εσάς που ρίχνετε τον έλεγχο των όπλων και την υπευθυνότητα έξω από το παράθυρο όταν εμπλέκεται ένα παράνομο. Και «α» φωνάζει; Βλέπετε σκατά ΚΑΙ ακούτε φωνές;,OFF
257,97300,"@USER Ακόμη μια ακόμη απόδειξη ότι το dnc μισεί την κοσμηματοποίηση. αυτό ακριβώς είναι το pres. Η Ουάσιγκτον μας προειδοποίησε για την ομιλία του. το dnc μισεί το σύνταγμα, επειδή εμποδίζει την ατζέντα της ολοκληρωτικής τους. Ίσως γι &#39;αυτό ωθούν τόσο τον σοσιαλισμό όσο και τον έλεγχο των όπλων",OFF
258,12919,@USER Είναι ένα κτήνος,OFF
259,40855,Έχετε διαπράξει τόσα πολλά εγκλήματα. Δεν έχει σημασία τι έχει να πει ένας ψεύτης. Ανήκε στη φυλακή. #MAGA URL,OFF
260,84100,@USER HAHAHAHA omg αυτά τα άτομα. Σκέφτηκαν ότι θα είχαν τον τρόπο τους ΠΟΤΕ. Ηλίθιοι,OFF
261,21270,@USER Fool on the Hill!,OFF
262,41818,@USER Γιατί φυσικά. Οι φιλελεύθεροι απορρίπτουν την αλήθεια και δέχονται ψεύδη. Γι &#39;αυτό δεν πιστεύουν τον Κανάου και τον Έλισον.,OFF
263,12435,@USER @USER η μύτη αποσπά την προσοχή από τις ειδήσεις,OFF
264,14808,@USER Σας ευχαριστώ κυρία Desanctis! Είμαι παρηγορημένος που δεν αφήνουν όλοι τους συντηρητικούς τη φιλοδοξία τους τυφλή τη συνείδησή τους. Η σεξουαλική επίθεση / παρενόχληση αποτελεί μάστιγα για την κοινωνία εδώ και αιώνες - που ΔΕΝ πρέπει να το κάνει συντηρητικό ή παραδοσιακό σκοπό!,OFF
265,82579,@USER Είστε TRIPPIN. Σταματήστε να πηγαίνετε στα συμπεράσματα.,OFF
266,84523,@USER Αυτός ο άρρωστος πιστεύει ότι οι άλλοι σχεδιάζουν και λένε ψέματα όπως κάνουν και πολλοί φιλελεύθεροι. Θυμηθείτε το διάσημο απόσπασμα του Ραμ Εμμανουήλ «Δεν αφήνετε ποτέ μια σοβαρή κρίση να χαθεί»,OFF
267,61917,@USER 2 κτυπήματα που χρησιμοποιούνται από φιλελεύθερους. σεξ και ρατσισμός. Είναι απαίσιο και απελπισμένο #BeneathHumanity,OFF
268,33322,"@USER Προφανώς, αυτό το POS δεν γνωρίζει ότι η Viacom εξαγόρασε το BET. Από τη μαύρη ιδιοκτησία στη λευκή ιδιοκτησία white",OFF
269,79251,"@USER Έχει κάνει το δίκτυο / ο οργανισμός σας έκθεση για την ηθοποιό Li BingBing ;;; Ορισμένες αναφορές λένε ότι λείπει &quot;, άλλες αναφέρουν ότι η κινεζική κυβέρνηση την απήγαγε; Τι συμβαίνει;&quot;",OFF
